names,scores,method,logfoldchanges,pvals,pvals_adj
apoc1.like.L,0.25397846,logreg,,,
fn1.S,0.20365876,logreg,,,
pltp.S,0.16125688,logreg,,,
nid2.L,0.15099744,logreg,,,
Xetrov90029035m.L,0.13809527,logreg,,,
krt16.S,0.11330152,logreg,,,
sp9.L,0.11110673,logreg,,,
krt8.L,0.10986071,logreg,,,
frem2.1.L,0.108459495,logreg,,,
bambi.L,0.10044594,logreg,,,
fras1.L,0.09579895,logreg,,,
lpar3.L,0.09513167,logreg,,,
fgf7.L,0.093224324,logreg,,,
mmp3.L,0.09072529,logreg,,,
sox11.L,0.0850452,logreg,,,
lama1.L,0.08489492,logreg,,,
col14a1.S,0.08480553,logreg,,,
fstl1.L,0.082758054,logreg,,,
zfp36l1.S,0.082658164,logreg,,,
loc100486548.L,0.07975101,logreg,,,
fabp3.S,0.079466715,logreg,,,
krt.L,0.07905834,logreg,,,
krt5.7.S,0.07881363,logreg,,,
plk2.S,0.07849348,logreg,,,
id3.S,0.07625041,logreg,,,
optc.S,0.0753611,logreg,,,
lama5.L,0.07442786,logreg,,,
bmp4.S,0.073669225,logreg,,,
mxra5.S,0.07247036,logreg,,,
loc100127750.S,0.07244814,logreg,,,
id3.L,0.07103135,logreg,,,
adamts1.S,0.07031872,logreg,,,
lamc1.S,0.07025098,logreg,,,
fgf7.S,0.06988781,logreg,,,
tmsb4x.L,0.06892954,logreg,,,
nid2.S,0.0685986,logreg,,,
sparc.S,0.068358324,logreg,,,
col14a1.L,0.066763535,logreg,,,
cpamd8.L,0.0667223,logreg,,,
hexim1.L,0.06605331,logreg,,,
loc100490088.S,0.062335245,logreg,,,
krt12.L,0.062070392,logreg,,,
msx2.L,0.06205361,logreg,,,
bhlha9.S,0.06129941,logreg,,,
arpc5.S,0.060320694,logreg,,,
mmp19.like.2.L,0.06014061,logreg,,,
tmem263.L,0.059496008,logreg,,,
rspo2.L,0.059399698,logreg,,,
ccdc3.L,0.05932239,logreg,,,
prdm1.L,0.059294064,logreg,,,
Xelaev18043128m.g,0.05832235,logreg,,,
mdk.L,0.05779353,logreg,,,
sp8.S,0.056740966,logreg,,,
ptgs1.S,0.05626255,logreg,,,
net1.L,0.056100395,logreg,,,
Xelaev18036372m.g,0.055904914,logreg,,,
Xelaev18045649m.g,0.05583061,logreg,,,
tinagl1.S,0.055727534,logreg,,,
fgf9.L,0.055047784,logreg,,,
ctnnb1.S,0.05501439,logreg,,,
Xelaev18045096m.g,0.05491883,logreg,,,
prdm1.S,0.054465257,logreg,,,
col27a1.S,0.05411972,logreg,,,
gpx3.L,0.053606737,logreg,,,
cpa6.L,0.053483907,logreg,,,
loc100497154.S,0.052846584,logreg,,,
azin2.S,0.052790206,logreg,,,
snai2.L,0.052693967,logreg,,,
rhou.S,0.052023437,logreg,,,
p4hb.L,0.051743288,logreg,,,
krt12.S,0.05140966,logreg,,,
lmo7.L,0.051340014,logreg,,,
cpa6.S,0.051187977,logreg,,,
lamc1.L,0.051177964,logreg,,,
egfl6.L,0.05106923,logreg,,,
bace2.L,0.05005665,logreg,,,
nccrp1.L,0.04971753,logreg,,,
vwde.L,0.0481231,logreg,,,
copa.L,0.04737691,logreg,,,
loc100492954.S,0.046575624,logreg,,,
gpx7.L,0.04641657,logreg,,,
lef1.S,0.04586261,logreg,,,
cox7a2l.L,0.045467958,logreg,,,
fam83b.S,0.045212787,logreg,,,
c3.L,0.045195267,logreg,,,
ctsv.S,0.044452522,logreg,,,
hes1.S,0.04438714,logreg,,,
ube2h.S,0.044336338,logreg,,,
enc1.2.S,0.044303577,logreg,,,
snai2.S,0.043767724,logreg,,,
bambi.S,0.043707255,logreg,,,
anxa1.S,0.04342364,logreg,,,
higd1a.L,0.04328324,logreg,,,
atp1b1.L,0.043181717,logreg,,,
uqcrfs1.S,0.04246497,logreg,,,
myl6.S,0.042346627,logreg,,,
s100a11.L,0.042303815,logreg,,,
plk2.L,0.04192397,logreg,,,
fbn2.S,0.041847408,logreg,,,
bmp5.L,0.041713614,logreg,,,
hes9.1.S,0.041605882,logreg,,,
epcam.L,0.04160162,logreg,,,
hbg2.L,0.041461017,logreg,,,
cst3.L,0.041377455,logreg,,,
jag1.L,0.04129454,logreg,,,
sema3f.L,0.041254293,logreg,,,
fn1.L,0.04081677,logreg,,,
anxa2.S,0.040768746,logreg,,,
Xelaev18042944m.g,0.04025776,logreg,,,
krt.S,0.039963175,logreg,,,
dlx2.S,0.03979829,logreg,,,
arpc2.L,0.0397297,logreg,,,
sec61b.L,0.039604977,logreg,,,
smdt1.S,0.0395448,logreg,,,
Xelaev18026291m.g,0.039354466,logreg,,,
prss35.S,0.038835254,logreg,,,
Xelaev18044182m.g,0.03871311,logreg,,,
klf13.L,0.038503695,logreg,,,
sparc.L,0.03848261,logreg,,,
cbx3.L,0.038442954,logreg,,,
unc5b.L,0.038022652,logreg,,,
loc101732341.L,0.037862156,logreg,,,
efemp2.L,0.03770208,logreg,,,
pmp22.S,0.03766026,logreg,,,
Xelaev18046800m.g,0.037523687,logreg,,,
Xelaev18017960m.g,0.037444808,logreg,,,
znf608.S,0.037199866,logreg,,,
kazald1.L,0.037142728,logreg,,,
vwa2.S,0.037138708,logreg,,,
bmp4.L,0.036920577,logreg,,,
ppp1r14b.L,0.03666146,logreg,,,
hsp90b1.L,0.0363177,logreg,,,
gpx8.S,0.03628779,logreg,,,
tdrp.L,0.036198687,logreg,,,
gnpnat1.L,0.03583382,logreg,,,
aebp1.L,0.035741884,logreg,,,
hs6st1.L,0.03561302,logreg,,,
nfkbiz.S,0.03560061,logreg,,,
carhsp1.S,0.035589617,logreg,,,
cldn6.2.S,0.035507645,logreg,,,
fgfr4.L,0.03548461,logreg,,,
hnrnpm.L,0.035421003,logreg,,,
hapln3.L,0.03512271,logreg,,,
jag1.S,0.035064183,logreg,,,
tef.S,0.03503376,logreg,,,
anxa3.L,0.034978975,logreg,,,
pzp.L,0.034977134,logreg,,,
c9orf3.L,0.034942314,logreg,,,
erh.L,0.03484371,logreg,,,
krt18.L,0.03483946,logreg,,,
ppib.S,0.034584973,logreg,,,
fbxw7.like.L,0.03412759,logreg,,,
mafb.L,0.033936515,logreg,,,
ereg.L,0.033826187,logreg,,,
vcan.L,0.033765215,logreg,,,
srp19.S,0.033754952,logreg,,,
hey1.L,0.033701513,logreg,,,
acvr1.L,0.033645473,logreg,,,
pnp.L,0.03363814,logreg,,,
lypla2.S,0.03351251,logreg,,,
loc100485014.L,0.03344598,logreg,,,
rhof.L,0.03342863,logreg,,,
sdc2.L,0.033261895,logreg,,,
cdc42ep3.S,0.033225045,logreg,,,
tgif1.L,0.033148754,logreg,,,
pdia3.L,0.033114195,logreg,,,
dkk1.S,0.03301879,logreg,,,
vasn.S,0.032894302,logreg,,,
epcam.S,0.032671563,logreg,,,
pfn1.L,0.03258918,logreg,,,
ptma.L,0.032529447,logreg,,,
hes4.L,0.032519657,logreg,,,
Xelaev18007840m.g,0.03249953,logreg,,,
sp8.L,0.03238715,logreg,,,
tfap2a.S,0.03214808,logreg,,,
cope.L,0.03213483,logreg,,,
Xelaev18035740m.g,0.03197674,logreg,,,
Xelaev18022556m.g,0.031970613,logreg,,,
Xelaev18026267m.g,0.03178355,logreg,,,
cldn6.1.S,0.031742156,logreg,,,
nckap5l.S,0.031666372,logreg,,,
ly6g6c.L,0.031607784,logreg,,,
wnt3a.S,0.031397868,logreg,,,
mapt.S,0.031177301,logreg,,,
tpm4.S,0.031052636,logreg,,,
mdk.S,0.03091782,logreg,,,
trip11.L,0.030877816,logreg,,,
lmnb2.S,0.0308223,logreg,,,
Xetrov90011361m.L,0.030774651,logreg,,,
kdelr1.L,0.03077231,logreg,,,
tgfb1.L,0.030686637,logreg,,,
tstd3.L,0.030632958,logreg,,,
ywhab.S,0.030550987,logreg,,,
cap1.L,0.030524211,logreg,,,
loc100494515.like.L,0.030273512,logreg,,,
ier3ip1.L,0.030137584,logreg,,,
kdelr3.L,0.030098194,logreg,,,
Xelaev18020334m.g,0.029946292,logreg,,,
srsf11.like.S,0.02989052,logreg,,,
gorasp2.L,0.02960287,logreg,,,
rbp1.L,0.029538773,logreg,,,
tspear.L,0.029323451,logreg,,,
linc00116.S,0.029056106,logreg,,,
app.S,0.028916068,logreg,,,
sema3f.S,0.028900266,logreg,,,
frem2.S,0.02888655,logreg,,,
ddost.L,0.028722374,logreg,,,
gng5.L,0.028670892,logreg,,,
brd2.S,0.02863282,logreg,,,
cpz.S,0.028576083,logreg,,,
hes9.2.L,0.02851963,logreg,,,
rcn3.L,0.028470097,logreg,,,
hoxc11.S,0.028363664,logreg,,,
pdia3.S,0.028231705,logreg,,,
Xelaev18017913m.g,0.028198201,logreg,,,
st3gal2.2.S,0.028161788,logreg,,,
chd4.L,0.0281305,logreg,,,
ccng2.L,0.028005203,logreg,,,
rbm42.L,0.027984207,logreg,,,
elf1.L,0.027849285,logreg,,,
gdi2.S,0.027792068,logreg,,,
calu.S,0.027790988,logreg,,,
enpp2.L,0.027747758,logreg,,,
prr13.like.S,0.02771515,logreg,,,
fam110c.L,0.027608948,logreg,,,
fkbp9.L,0.027508032,logreg,,,
Xelaev18037562m.g,0.027440904,logreg,,,
pfdn1.L,0.02733877,logreg,,,
bmp7.1.S,0.027308485,logreg,,,
Xelaev18036021m.g,0.027279329,logreg,,,
irs4.L,0.027252663,logreg,,,
ggt1.L,0.027181154,logreg,,,
rbm5.S,0.026984002,logreg,,,
hes3.3.S,0.026950128,logreg,,,
loc101733625.S,0.026899576,logreg,,,
xarp.like.L,0.02676563,logreg,,,
loc100488540.L,0.026634216,logreg,,,
pdcd6ip.L,0.026550362,logreg,,,
mob2.2.S,0.026504915,logreg,,,
Xelaev18039713m.g,0.026422419,logreg,,,
dhdds.L,0.026350496,logreg,,,
cmpk1.S,0.026179444,logreg,,,
arhgef10.L,0.026163949,logreg,,,
ube2i.S,0.026145767,logreg,,,
pawr.L,0.026119461,logreg,,,
amd1.S,0.026069488,logreg,,,
bag2.L,0.026053423,logreg,,,
hmgn1.S,0.025925068,logreg,,,
lsm3.L,0.025924861,logreg,,,
hoxc10.S,0.025884576,logreg,,,
ackr3.L,0.025874129,logreg,,,
Xelaev18045083m.g,0.025814716,logreg,,,
tmed2.S,0.0257712,logreg,,,
cuta.L,0.025756815,logreg,,,
fbxw7.like.S,0.025744775,logreg,,,
h1f0.S,0.025741462,logreg,,,
mxd4.S,0.02563924,logreg,,,
krtcap2.L,0.025634678,logreg,,,
fubp3.S,0.025533637,logreg,,,
esrp1.S,0.02534544,logreg,,,
Xelaev18020998m.g,0.025190309,logreg,,,
fgfbp1.S,0.025140429,logreg,,,
brd3.S,0.025089828,logreg,,,
Xelaev18037805m.g,0.025034234,logreg,,,
loc100496010.L,0.025007408,logreg,,,
lamb2.L,0.024961194,logreg,,,
hes4.S,0.024822026,logreg,,,
nucks1.S,0.024784086,logreg,,,
pum1.S,0.02473007,logreg,,,
capns1.like.L,0.024697611,logreg,,,
f3.L,0.024628244,logreg,,,
arrdc3.S,0.024604144,logreg,,,
myo9b.L,0.024533704,logreg,,,
calm1.S,0.024482226,logreg,,,
jarid2.L,0.0244565,logreg,,,
loc101735270.L,0.024363684,logreg,,,
pltp.L,0.024310265,logreg,,,
scn5a.S,0.024307376,logreg,,,
hoxa11.L,0.024272408,logreg,,,
loc100486832.L,0.02424092,logreg,,,
arid3a.S,0.02422749,logreg,,,
fkbp7.L,0.024226813,logreg,,,
cwc15.S,0.024212983,logreg,,,
myl12b.L,0.024190692,logreg,,,
naa38.like.S,0.024133442,logreg,,,
clk2.S,0.02404284,logreg,,,
nr3c1.L,0.023971818,logreg,,,
magoh.S,0.023934016,logreg,,,
loc100497848.L,0.023902208,logreg,,,
ttc9.L,0.023900444,logreg,,,
eif3i.L,0.023785487,logreg,,,
tram1.S,0.02378153,logreg,,,
tnmd.L,0.023717903,logreg,,,
lum.L,0.023635019,logreg,,,
hmcn1.L,0.023626992,logreg,,,
palm3.like.L,0.023622748,logreg,,,
enpp2.S,0.023547327,logreg,,,
Xelaev18045084m.g,0.023547126,logreg,,,
loc100490088.L,0.023529232,logreg,,,
atp8b2.like.L,0.023512548,logreg,,,
apoc1.like.L,23.199377,wilcoxon,11.9400215,4.619613511983426e-119,1.4567951210039733e-114
col14a1.S,23.131649,wilcoxon,7.209006,2.2246014519590663e-118,3.5076403393764576e-114
loc100486548.L,22.99102,wilcoxon,6.3813276,5.7326352831710086e-117,6.025955121826592e-113
lama5.L,22.179453,wilcoxon,6.04904,5.423381921945016e-109,4.275658722713402e-105
fras1.L,22.033724,wilcoxon,6.385386,1.3684606137715745e-107,8.63088109105732e-104
fn1.S,21.891489,wilcoxon,6.9203176,3.131156776673621e-106,1.645683815873377e-102
mdk.L,21.77851,wilcoxon,6.3971443,3.709440041720176e-105,1.6711027387949394e-101
bambi.L,21.542088,wilcoxon,6.1344867,6.281202981895407e-103,2.4759717004258956e-99
id3.S,21.466759,wilcoxon,5.644285,3.184755938683299e-102,1.1159030947375315e-98
frem2.1.L,21.327309,wilcoxon,7.9581704,6.334934429275918e-101,1.9977215722721606e-97
col14a1.L,21.31557,wilcoxon,5.772164,8.140887095363737e-101,2.3338443141117767e-97
nid2.L,20.90202,wilcoxon,7.4233384,5.132621575448145e-97,1.3488101781813102e-93
id3.L,20.63708,wilcoxon,5.237351,1.2754127496671224e-94,3.093857004673285e-91
msx2.L,20.531673,wilcoxon,5.2005258,1.1224355679054771e-93,2.5282861167070872e-90
mmp3.L,20.14802,wilcoxon,7.296616,2.8009574495492943e-90,5.8885462114358e-87
Xetrov90029035m.L,20.109632,wilcoxon,9.707827,6.077204010258474e-90,1.1818169094179404e-86
cpamd8.L,20.10729,wilcoxon,5.159823,6.370980643762482e-90,1.1818169094179404e-86
lama1.L,19.892324,wilcoxon,6.0188117,4.742590275992624e-88,8.308754686301523e-85
pltp.S,19.768663,wilcoxon,8.107944,5.542481607481217e-87,9.199060920627377e-84
krt8.L,19.741978,wilcoxon,5.8638673,9.402654525188187e-87,1.4825635522590473e-83
egfl6.S,19.612349,wilcoxon,5.384151,1.2129933395016926e-85,1.821511664818375e-82
plk2.S,19.553583,wilcoxon,4.6992297,3.8454188327701006e-85,5.512058313245688e-82
azin2.S,19.522118,wilcoxon,5.078329,7.122399559776579e-85,9.765429135545844e-82
fstl1.L,19.518387,wilcoxon,4.8641768,7.661803172591903e-85,1.0067290126986902e-81
bambi.S,19.052616,wilcoxon,4.9340267,6.249972602162393e-81,7.883715440367644e-78
myh9.S,19.00859,wilcoxon,3.996187,1.4478921254676003e-80,1.7561260837161838e-77
frem2.L,18.817657,wilcoxon,4.7707,5.412569341702806e-79,6.321680525577703e-76
krt5.7.S,18.76401,wilcoxon,5.88578,1.4874408440943138e-78,1.675230250661221e-75
krt18.L,18.40354,wilcoxon,5.9567447,1.230568547827817e-75,1.3381372122672486e-72
optc.S,18.389658,wilcoxon,6.715825,1.5897896007329357e-75,1.671133835303771e-72
mdk.S,18.362,wilcoxon,5.0833526,2.646830890241365e-75,2.692510068508434e-72
Xelaev18026267m.g,18.354813,wilcoxon,6.8516045,3.0212847716337457e-75,2.9773817272959427e-72
cldn6.2.S,18.347248,wilcoxon,5.3979187,3.4725898823316015e-75,3.3184279375553655e-72
sparc.L,18.28055,wilcoxon,4.505556,1.1822711102389532e-74,1.096556454746629e-71
Xelaev18017960m.g,18.278936,wilcoxon,5.291916,1.217796754664254e-74,1.0972348759524928e-71
sparc.S,18.237083,wilcoxon,5.025244,2.620772745361197e-74,2.2957241256934822e-71
lamc1.S,18.176949,wilcoxon,4.9402294,7.858771130953745e-74,6.698009394989901e-71
mxra5.S,18.137672,wilcoxon,6.4974732,1.606917898017278e-73,1.3335304187888122e-70
btg1.L,18.024288,wilcoxon,3.5239303,1.2561997182775666e-72,1.0157502080995658e-69
epcam.L,17.8302,wilcoxon,4.924059,4.119501001141491e-71,3.247711601774923e-68
app.S,17.657566,wilcoxon,3.991408,8.899498089776088e-70,6.845016396611926e-67
lamc1.L,17.495802,wilcoxon,4.6876597,1.542246053338703e-68,1.1579697450484763e-65
gpx3.L,17.452448,wilcoxon,4.266476,3.29788565623129e-68,2.4185773062617148e-65
loc100490088.S,17.385307,wilcoxon,5.4048185,1.0661585517485314e-67,7.641206802134078e-65
cldn1.L,17.312254,wilcoxon,4.259109,3.802399718168667e-67,2.664637224721087e-64
zfp36l1.S,17.29061,wilcoxon,4.200124,5.536420243495207e-67,3.7177464016663135e-64
bmp4.L,17.290562,wilcoxon,4.7601585,5.540957059721475e-67,3.7177464016663135e-64
igfbp2.S,17.26484,wilcoxon,4.8979464,8.654592333529509e-67,5.6858868591219386e-64
mmp19.like.2.L,17.194448,wilcoxon,5.78679,2.922280371653419e-66,1.880696153471236e-63
p4hb.L,17.068144,wilcoxon,3.5305588,2.56217457578785e-65,1.615963504949397e-62
cpz.S,17.006554,wilcoxon,3.9415147,7.3431191063270074e-65,4.540495314078866e-62
vcan.L,17.002758,wilcoxon,4.37294,7.834512268412416e-65,4.751179699699722e-62
loc100494515.like.L,16.917324,wilcoxon,3.8734186,3.353192756273662e-64,1.9761775711363323e-61
cldn6.1.S,16.916786,wilcoxon,4.905977,3.383973009080766e-64,1.9761775711363323e-61
bcam.L,16.88993,wilcoxon,4.5487766,5.336647351943254e-64,3.059839531700555e-61
lpar3.L,16.882526,wilcoxon,6.917335,6.049956224343402e-64,3.406881598833378e-61
bhlha9.S,16.876453,wilcoxon,5.1728215,6.705320186689972e-64,3.709688983987163e-61
cdh1.S,16.81292,wilcoxon,3.4447324,1.9626215752128276e-63,1.0670908857644228e-60
loc100490088.L,16.777271,wilcoxon,5.0599675,3.5790886712164144e-63,1.9129925635052478e-60
vwa2.S,16.770142,wilcoxon,5.321592,4.0354654858676593e-63,2.120973401613944e-60
prdm1.L,16.694576,wilcoxon,4.7437406,1.4353470275546078e-62,7.420273526874518e-60
epcam.S,16.659428,wilcoxon,4.416877,2.5848359964022245e-62,1.3147226313958735e-59
higd1a.L,16.568527,wilcoxon,3.3236437,1.1767309462770885e-61,5.890192125531425e-59
nccrp1.L,16.511356,wilcoxon,3.6300666,3.0396918594293924e-61,1.4977606685485294e-58
s100a11.L,16.429314,wilcoxon,3.9679248,1.179863359315388e-60,5.7241524670785786e-58
lum.L,16.417774,wilcoxon,5.072646,1.4270639537835703e-60,6.818554815540135e-58
tmsb4x.L,16.37354,wilcoxon,4.715328,2.955054047507004e-60,1.3908601401213938e-57
egfl6.L,16.351559,wilcoxon,6.246901,4.240007440434224e-60,1.966303450501371e-57
efemp2.L,16.277872,wilcoxon,4.684172,1.4171255097919039e-59,6.476674340766331e-57
bmp4.S,16.23751,wilcoxon,4.4151244,2.7381046828674006e-59,1.233516159631764e-56
ccdc3.L,16.190474,wilcoxon,4.2363887,5.887339724215408e-59,2.6148909606075054e-56
ereg.L,16.187914,wilcoxon,4.2017407,6.137340204108671e-59,2.6880697685634296e-56
ctnnb1.S,16.170927,wilcoxon,2.8355823,8.087322072016922e-59,3.4936123498774477e-56
vwde.L,16.112736,wilcoxon,6.303995,2.0762790824555147e-58,8.848035252058737e-56
hmcn1.L,16.096853,wilcoxon,5.1630154,2.684135869861294e-58,1.128589662081012e-55
sox11.L,15.995413,wilcoxon,3.4924939,1.3754296649297104e-57,5.707128221520844e-55
myl6.S,15.953343,wilcoxon,2.5241108,2.700454548163983e-57,1.1059588854071584e-54
ctsv.S,15.945108,wilcoxon,2.7927556,3.08104018821978e-57,1.2456487478911637e-54
calm1.S,15.857965,wilcoxon,2.5184758,1.2384047298550295e-56,4.943429513414981e-54
megf6.S,15.847087,wilcoxon,4.885867,1.4724969148740502e-56,5.804398776319146e-54
net1.L,15.8315525,wilcoxon,3.7585347,1.8851063954876266e-56,7.339114837247198e-54
ptgs1.S,15.64281,wilcoxon,4.201814,3.719483246864137e-55,1.4304134657300067e-52
Xelaev18038148m.g,15.584101,wilcoxon,3.9454832,9.336813907377894e-55,3.5474268261344805e-52
krt12.L,15.568915,wilcoxon,5.573508,1.1839704307681531e-54,4.444822325508775e-52
ctnnb1.L,15.555176,wilcoxon,3.1782837,1.4675170569549416e-54,5.444488281302833e-52
bmp2.L,15.523843,wilcoxon,4.9925747,2.3928122575549196e-54,8.774108667673766e-52
hes4.L,15.43586,wilcoxon,3.5292497,9.39402693482891e-54,3.405064820572755e-51
bmp7.1.L,15.423744,wilcoxon,3.8524702,1.133388053677859e-53,4.0615218491740093e-51
krt12.S,15.391872,wilcoxon,4.862451,1.8558212226208443e-53,6.575654185994194e-51
sp9.L,15.348198,wilcoxon,8.523535,3.6416458655270505e-53,1.2759922485488393e-50
ly6g6c.L,15.277854,wilcoxon,4.9641414,1.0741959888851748e-52,3.722502253790548e-50
gjb3.L,15.037409,wilcoxon,3.3545716,4.17576411840954e-51,1.4313339290657047e-48
unc5b.L,14.951768,wilcoxon,4.844866,1.5166896312998567e-50,5.1428825293592457e-48
acvr1.L,14.916507,wilcoxon,4.1296153,2.57401615706708e-50,8.635276543947913e-48
dlx3.S,14.86099,wilcoxon,3.847728,5.904674953739219e-50,1.9600413122754341e-47
fgf9.L,14.819873,wilcoxon,6.6480236,1.0899004993512598e-49,3.543300231653812e-47
fgf7.L,14.78786,wilcoxon,7.391785,1.7544276306096875e-49,5.645497482783316e-47
hpgd.L,14.765102,wilcoxon,3.4873064,2.459498498377106e-49,7.834372237002226e-47
col1a1.L,14.705184,wilcoxon,3.9115014,5.970816813338935e-49,1.8828970820864332e-46
tinagl1.S,14.6867695,wilcoxon,5.6791325,7.836118089619717e-49,2.4466533064966116e-46
col1a1.S,14.683455,wilcoxon,4.059232,8.228818883109788e-49,2.544076504694776e-46
mxra5.L,14.669668,wilcoxon,3.1053808,1.0083721085901173e-48,3.087282955765956e-46
abracl.L,14.604084,wilcoxon,2.5006588,2.6451241208403494e-48,8.02057587987504e-46
snai2.L,14.599335,wilcoxon,4.4634438,2.8360100332442175e-48,8.517483466510134e-46
wasf2.L,14.581591,wilcoxon,2.9408104,3.678465713761505e-48,1.0943435498440478e-45
anxa1.S,14.5658865,wilcoxon,3.0699623,4.6294239271326515e-48,1.3643820891787679e-45
gpx7.L,14.484494,wilcoxon,3.3507874,1.5183595769114976e-47,4.433469375731859e-45
cpa6.L,14.4398365,wilcoxon,7.413887,2.905286083018437e-47,8.405339140182239e-45
prdm1.S,14.339039,wilcoxon,4.1289854,1.2477093676037163e-46,3.5769559006711997e-44
ppia.L,14.330002,wilcoxon,1.1526586,1.4211669320914966e-46,4.0375224507662476e-44
perp.S,14.327216,wilcoxon,2.770222,1.4793268495771868e-46,4.1652296608407663e-44
krt.S,14.295751,wilcoxon,4.5112514,2.3258295107572266e-46,6.49071093997603e-44
cldn7.L,14.260745,wilcoxon,3.2500505,3.843309635404467e-46,1.0631470995831568e-43
loc100486548.S,14.252246,wilcoxon,3.8160226,4.340935342723122e-46,1.1903599655023798e-43
msx1.S,14.225587,wilcoxon,4.0948586,6.356839575774295e-46,1.7281287588107104e-43
itm2b.L,14.21282,wilcoxon,2.320794,7.629039944377482e-46,2.0562544841533668e-43
enpp2.S,14.200836,wilcoxon,4.354281,9.052541843593876e-46,2.4192534494723127e-43
kera.L,14.039894,wilcoxon,3.2665377,8.884510337198437e-45,2.3543952393575856e-42
pfn1.L,14.037033,wilcoxon,2.681172,9.250519311624422e-45,2.430959387433968e-42
loc100488540.L,14.022726,wilcoxon,3.3351593,1.131816779352323e-44,2.949739019576488e-42
fermt1.S,13.99857,wilcoxon,3.632342,1.5903781482484816e-44,4.110866795493104e-42
pfn1.S,13.959116,wilcoxon,2.1867316,2.7684536601968014e-44,7.09782001417123e-42
Xelaev18043710m.g,13.955623,wilcoxon,2.2202709,2.907530499834026e-44,7.394272121956938e-42
msx2.S,13.94429,wilcoxon,3.907492,3.408214852028261e-44,8.598244428696896e-42
mapk12.like.1.L,13.902013,wilcoxon,3.574356,6.158497672648519e-44,1.5413351119600876e-41
rhou.S,13.818524,wilcoxon,4.1823506,1.970681553662283e-43,4.893341952341739e-41
plec.L,13.807693,wilcoxon,2.6549752,2.290503827871485e-43,5.643049860306818e-41
fbn3.L,13.80265,wilcoxon,2.8487263,2.456528074717707e-43,5.973040086855004e-41
anxa2.S,13.80248,wilcoxon,3.2116258,2.462328242559539e-43,5.973040086855004e-41
ptma.L,13.74921,wilcoxon,2.1055124,5.148828175786372e-43,1.2394526452169713e-40
ahnak.L,13.688376,wilcoxon,2.5674856,1.191410742817272e-42,2.8462983162683842e-40
Xelaev18037442m.g,13.679944,wilcoxon,3.2558243,1.3379581178713445e-42,3.172369116321267e-40
fgf7.S,13.678414,wilcoxon,6.369573,1.3664032744467848e-42,3.215636362662639e-40
lef1.S,13.645542,wilcoxon,4.3600984,2.146119374879362e-42,5.013175887912643e-40
fbxw7.like.L,13.603246,wilcoxon,3.9477284,3.8305100310511235e-42,8.881995134499792e-40
cpa6.S,13.518048,wilcoxon,5.61714,1.223801200921147e-41,2.8169759759889317e-39
srsf5.S,13.457394,wilcoxon,1.8647447,2.7857000851699723e-41,6.36572841926341e-39
tfap2a.S,13.45661,wilcoxon,3.631072,2.815400019414963e-41,6.387312202320206e-39
emilin1.L,13.376163,wilcoxon,3.1069186,8.334055865385615e-41,1.8639322816662082e-38
itgb4.L,13.3583145,wilcoxon,3.06944,1.0593569977460083e-40,2.352593163656364e-38
dlx5.S,13.299407,wilcoxon,3.7659533,2.333106476304563e-40,5.145070820298209e-38
ggt1.L,13.273731,wilcoxon,3.9551733,3.287943355956533e-40,7.200367620145088e-38
Xelaev18003216m.g,13.252408,wilcoxon,2.1206474,4.369550977130228e-40,9.50302000440012e-38
loc101735270.L,13.245146,wilcoxon,2.694131,4.8134475433467954e-40,1.039671700544118e-37
plk2.L,13.20743,wilcoxon,3.460466,7.949296080571804e-40,1.7053132782369511e-37
Xelaev18010117m.g,13.177277,wilcoxon,2.960996,1.1859454031527724e-39,2.5269451546231537e-37
loc100127750.S,13.166937,wilcoxon,5.50653,1.360050102488201e-39,2.8784684551654643e-37
galnt3.S,13.148654,wilcoxon,4.2439785,1.7322986959540994e-39,3.641869291794168e-37
atf4.S,13.113884,wilcoxon,1.9539437,2.7418821824066694e-39,5.726175802794326e-37
Xelaev18035740m.g,13.105215,wilcoxon,2.4441402,3.073891779809719e-39,6.377314294493388e-37
Xelaev18028634m.g,13.091645,wilcoxon,1.4621694,3.6755938621351585e-39,7.575807349178576e-37
fgfr4.L,13.038413,wilcoxon,5.052169,7.398068032176108e-39,1.5149225674978804e-36
Xelaev18047430m.g,12.962131,wilcoxon,2.8434732,2.0059819921494666e-38,4.0812027175763506e-36
col5a3.like.L,12.909937,wilcoxon,3.277591,3.9562381984581587e-38,7.99743407617808e-36
ptma.S,12.907765,wilcoxon,2.0443778,4.0694075155344177e-38,8.173806751743814e-36
pmp22.S,12.899965,wilcoxon,3.9121234,4.5030148867031696e-38,8.987504712163572e-36
rspo2.L,12.873656,wilcoxon,6.61582,6.333192139608451e-38,1.2560831076890095e-35
gpa33.L,12.84764,wilcoxon,2.6574547,8.86747412402779e-38,1.7477237281326022e-35
anxa7.L,12.837904,wilcoxon,2.0816371,1.0056075146654907e-37,1.969679066768711e-35
jag1.L,12.833579,wilcoxon,5.0270348,1.0633665041423275e-37,2.0699544881560678e-35
Xelaev18014918m.g,12.779846,wilcoxon,2.4239311,2.124892033841653e-37,4.11094909737402e-35
cap1.L,12.778024,wilcoxon,2.53784,2.175268834819869e-37,4.182750165002718e-35
dlx3.L,12.765502,wilcoxon,3.3974037,2.5549858942571253e-37,4.883120010630209e-35
junb.L,12.741223,wilcoxon,2.283483,3.488818388478447e-37,6.588017238363343e-35
id2.S,12.651351,wilcoxon,2.8709204,1.0996707838808896e-36,2.06417370057642e-34
tp73.L,12.640048,wilcoxon,4.755829,1.2697705334406104e-36,2.3693617616597425e-34
Xelaev18036372m.g,12.62253,wilcoxon,2.846327,1.5864083118165696e-36,2.9427874184197364e-34
ppib.L,12.597883,wilcoxon,2.2955709,2.1688719538737746e-36,3.999729652947923e-34
Xelaev18042944m.g,12.593907,wilcoxon,2.6241536,2.2809581211187743e-36,4.181977578458171e-34
loc100485797.like.L,12.591802,wilcoxon,3.8583715,2.3426423576855367e-36,4.270244320786902e-34
krt16.S,12.5411005,wilcoxon,4.6517015,4.4477453354604234e-36,8.06089937665198e-34
spint2.L,12.53992,wilcoxon,2.4358954,4.514494616007726e-36,8.135119298045922e-34
Xelaev18045052m.g,12.529505,wilcoxon,2.6994147,5.148343630036007e-36,9.224603203021903e-34
lamb2.L,12.4517765,wilcoxon,6.230469,1.367666052836894e-35,2.436686382836805e-33
sp8.S,12.42457,wilcoxon,3.9054897,1.9225653371449084e-35,3.406072916115994e-33
bace2.L,12.417063,wilcoxon,3.8342307,2.1117259105762016e-35,3.7202947815653925e-33
ifitm1.S,12.40117,wilcoxon,2.5011466,2.575359792597347e-35,4.511887281086518e-33
sept7.L,12.391424,wilcoxon,1.8950813,2.90831375563867e-35,5.06705382784892e-33
col27a1.S,12.383803,wilcoxon,4.947405,3.198185783479315e-35,5.541471905605505e-33
hes1.S,12.291939,wilcoxon,2.7567701,1.000761484452441e-34,1.724536252033209e-32
msx1.L,12.285687,wilcoxon,3.7073379,1.0812161524264307e-34,1.8530517047156245e-32
spry1.L,12.279596,wilcoxon,3.5504498,1.1657780421696337e-34,1.987178949179427e-32
sgk1.L,12.232597,wilcoxon,2.4457362,2.0817360013084623e-34,3.529437892540987e-32
tnc.like.S,12.226186,wilcoxon,3.3475971,2.252711409635181e-34,3.7988906044302367e-32
fkbp10.L,12.183974,wilcoxon,2.7992094,3.7838558394509665e-34,6.347015632823736e-32
dlx5.L,12.182397,wilcoxon,3.6018908,3.857751778627063e-34,6.436730282487007e-32
loc101732341.L,12.157107,wilcoxon,2.7178028,5.258775850317691e-34,8.728184023145704e-32
twsg1.S,12.151451,wilcoxon,4.4339433,5.635628666160822e-34,9.304688481014738e-32
ifitm3.S,12.125973,wilcoxon,2.3516269,7.694074443502556e-34,1.2637116540409014e-31
c3.L,12.120779,wilcoxon,5.658379,8.197586930974438e-34,1.3394347350688026e-31
lypla2.S,12.109117,wilcoxon,2.5077677,9.45061764522469e-34,1.5362125125884568e-31
dlx2.S,12.075659,wilcoxon,5.4436574,1.4202142070906414e-33,2.2967412831078655e-31
Xelaev18047575m.g,12.068039,wilcoxon,1.6241764,1.5580376041357946e-33,2.506771216654198e-31
anxa3.L,12.053657,wilcoxon,2.6407058,1.8553337170930436e-33,2.9699466379964025e-31
fn1.L,12.01882,wilcoxon,3.632047,2.8298358136015807e-33,4.505424436440471e-31
adamts1.S,12.018433,wilcoxon,2.9621484,2.843124981295873e-33,4.505424436440471e-31
ifitm3.L,11.95876,wilcoxon,2.2586417,5.8427433508617707e-33,9.212545578471298e-31
lef1.L,11.953341,wilcoxon,3.7604442,6.236723121714683e-33,9.784829036978732e-31
fbn3.S,11.923849,wilcoxon,2.7071466,8.890451889244339e-33,1.3879227738976247e-30
nid2.S,11.915955,wilcoxon,5.0148163,9.774080404171468e-33,1.51835283519974e-30
fam83b.S,11.898371,wilcoxon,3.3316853,1.2068024169549657e-32,1.8564153277402362e-30
dsp.L,11.872401,wilcoxon,2.4619236,1.646714059940391e-32,2.5208314504961278e-30
Xelaev18046800m.g,11.85037,wilcoxon,5.635079,2.142416783108861e-32,3.263821896393137e-30
lgals4.L,11.802578,wilcoxon,2.6405203,3.785345601384761e-32,5.738984304791752e-30
bcl11b.L,11.785419,wilcoxon,3.4602926,4.641041982903501e-32,7.002643967983824e-30
ier2.S,11.753368,wilcoxon,2.2975543,6.785852123895852e-32,1.0141793683746716e-29
apoe.S,11.715067,wilcoxon,3.2774887,1.0670709881817327e-31,1.5872680949203273e-29
net1.S,11.692969,wilcoxon,3.146774,1.38459322346038e-31,2.0403339860664993e-29
actg1.S,11.674168,wilcoxon,1.7912182,1.7274784595767244e-31,2.533768987104744e-29
loc100491788.S,11.639643,wilcoxon,2.998235,2.5909737066709145e-31,3.782701659253115e-29
sec61g.S,11.51739,wilcoxon,1.8810389,1.0782760906065386e-30,1.5669786413491795e-28
egr1.L,11.489769,wilcoxon,2.47014,1.4850933230347565e-30,2.148276052380782e-28
loc100498358.L,11.467199,wilcoxon,4.558312,1.927991156302387e-30,2.776219228949579e-28
myl12b.S,11.463054,wilcoxon,1.8281612,2.0225615934512887e-30,2.8991581749766544e-28
ssr4.L,11.385618,wilcoxon,1.7757295,4.9317164082090336e-30,7.03717995171366e-28
nckap5l.L,11.380103,wilcoxon,3.8450835,5.2537366739324205e-30,7.46290927984049e-28
Xelaev18000774m.g,11.3541155,wilcoxon,1.8600736,7.075228689726008e-30,1.0005261736794154e-27
Xelaev18041402m.g,11.337221,wilcoxon,3.7672591,8.582635084357356e-30,1.208274095469684e-27
mmp8.L,11.333557,wilcoxon,3.0880558,8.949451560685656e-30,1.2543153554054318e-27
mafb.L,11.324435,wilcoxon,2.9321244,9.93169419226403e-30,1.3858229042170184e-27
ism2.L,11.280401,wilcoxon,4.6128087,1.6399655044184646e-29,2.258354243748309e-27
camk2d.L,11.251873,wilcoxon,2.9426038,2.267259334742329e-29,3.108609700917363e-27
rab11a.S,11.202022,wilcoxon,1.8993708,3.985333194141871e-29,5.440583648366403e-27
socs3.S,11.187819,wilcoxon,2.3607483,4.677989810968194e-29,6.358638305555259e-27
lamb4.L,11.18474,wilcoxon,2.8845408,4.843204583392362e-29,6.554955216192194e-27
aplp2.S,11.159565,wilcoxon,2.1057048,6.430573004541991e-29,8.666158961462892e-27
ctnna1.S,11.141991,wilcoxon,2.089424,7.834827640890902e-29,1.0513671900233813e-26
tnmd.L,11.138685,wilcoxon,3.7367449,8.13106173954539e-29,1.0864958981210333e-26
cdc42ep3.S,11.136637,wilcoxon,3.120524,8.32027992523827e-29,1.1024370900940708e-26
loc100488523.L,11.128458,wilcoxon,5.4791937,9.119910006440906e-29,1.20333205879964e-26
actn1.L,11.103821,wilcoxon,2.2705123,1.2019333928224093e-28,1.5792903976106116e-26
fxyd3.S,11.075925,wilcoxon,2.1970775,1.6417539896956302e-28,2.1482453139025603e-26
ppib.S,11.07381,wilcoxon,2.0963588,1.6809848524594956e-28,2.190489971996289e-26
sec61g.L,11.052667,wilcoxon,1.7144789,2.1279883990123553e-28,2.761568484068092e-26
higd1a.S,11.045131,wilcoxon,2.449519,2.314306791814042e-28,2.991051831141632e-26
tmem59.S,11.032561,wilcoxon,2.034775,2.661735856135218e-28,3.426034294825473e-26
fos.S,11.003345,wilcoxon,2.6132076,3.682184413965839e-28,4.720231117659054e-26
actr3.L,10.981898,wilcoxon,1.6627167,4.670055349958185e-28,5.962356091535683e-26
emp2.S,10.975845,wilcoxon,2.1265693,4.99366597333578e-28,6.349808728594509e-26
tmem263.L,10.962889,wilcoxon,2.4498057,5.762975861472833e-28,7.298612200463687e-26
fabp3.S,10.918997,wilcoxon,3.4798386,9.352337394535961e-28,1.179703838946766e-25
plod3.L,10.909053,wilcoxon,2.3460162,1.0433789683745464e-27,1.3108747317805306e-25
dlx2.L,10.899053,wilcoxon,5.2767067,1.1646402817588797e-27,1.4574179081454868e-25
cttn.S,10.885161,wilcoxon,2.6169808,1.3565846578315583e-27,1.69090502706396e-25
hey1.L,10.868749,wilcoxon,3.7892334,1.6241299377328544e-27,2.0164148656065182e-25
golim4.S,10.860779,wilcoxon,3.0090518,1.7723168565333496e-27,2.1832035965148116e-25
sp8.L,10.859513,wilcoxon,2.9158938,1.7970469322741277e-27,2.2050535023060163e-25
fbn2.S,10.8244505,wilcoxon,5.0880203,2.636567990405192e-27,3.222642309202625e-25
jup.S,10.819927,wilcoxon,2.1139848,2.769984262151237e-27,3.372643000267925e-25
ier2.L,10.81852,wilcoxon,2.1251407,2.812834702116249e-27,3.406985806068737e-25
tp63.L,10.818294,wilcoxon,3.9204795,2.8197979875818626e-27,3.406985806068737e-25
gpx8.S,10.803505,wilcoxon,3.602357,3.313100715486492e-27,3.9877340100330737e-25
krt.L,10.802334,wilcoxon,7.720754,3.355634998041638e-27,4.0235722305415608e-25
col1a2.L,10.785006,wilcoxon,1.7430092,4.0521907205205955e-27,4.840372514076401e-25
bmp2.S,10.772503,wilcoxon,3.9627576,4.6420889587810955e-27,5.524085860949504e-25
Xelaev18022166m.g,10.742189,wilcoxon,2.1704593,6.4496317703040996e-27,7.617570706986509e-25
btg2.S,10.722708,wilcoxon,2.4718335,7.963690608161474e-27,9.370708333148212e-25
rhof.L,10.694397,wilcoxon,3.1988935,1.0812059266562863e-26,1.2628084776705924e-24
aim1.L,10.652809,wilcoxon,2.5833225,1.691819870591777e-26,1.9686914988602103e-24
irs4.L,10.64499,wilcoxon,2.4508214,1.8400467041032043e-26,2.1333041475696522e-24
atf4.L,10.625083,wilcoxon,1.3106223,2.2780894787962551e-26,2.6314854107633662e-24
itga2.L,10.624044,wilcoxon,3.0341992,2.3035920345859383e-26,2.6512326573236335e-24
Xelaev18007761m.g,10.593892,wilcoxon,1.272415,3.180854685048224e-26,3.647572817927117e-24
myl9.S,10.575421,wilcoxon,2.0667844,3.874340224967843e-26,4.4267144563174246e-24
sox11.S,10.574675,wilcoxon,2.747669,3.905297349222804e-26,4.44597660316755e-24
eif1.L,10.501026,wilcoxon,1.935109,8.544580192132444e-26,9.589086703163582e-24
fkbp9.L,10.48317,wilcoxon,2.7220657,1.0322540637037922e-25,1.1543309184006769e-23
wnt5a.S,10.477928,wilcoxon,4.5753736,1.0910767708000457e-25,1.2157987974268354e-23
anxa2.L,10.468221,wilcoxon,2.4241934,1.2089417879939896e-25,1.3423936367743122e-23
pls3.L,10.46517,wilcoxon,2.1524687,1.248517838332418e-25,1.381474036203958e-23
cfl1.L,10.451024,wilcoxon,1.5154799,1.4495120952112248e-25,1.598264472814195e-23
lmo7.L,10.433696,wilcoxon,2.339871,1.7398646456014128e-25,1.9117293240083817e-23
nckap5l.S,10.418549,wilcoxon,4.0022345,2.0404280046348262e-25,2.226467028586825e-23
Xelaev18044182m.g,10.415772,wilcoxon,4.799709,2.1008518151010953e-25,2.2844952410073464e-23
ets2.L,10.4014,wilcoxon,2.518435,2.443176123873176e-25,2.647613713619952e-23
loc101733625.S,10.376243,wilcoxon,3.6575196,3.180468786479704e-25,3.43479736923416e-23
itgb1.S,10.36578,wilcoxon,2.1055908,3.548529459718995e-25,3.819210802465478e-23
tpt1.L,10.356497,wilcoxon,0.68338794,3.910218488871435e-25,4.165835812383807e-23
Xelaev18034799m.g,10.336449,wilcoxon,4.2451863,4.820722090551024e-25,5.11856805136453e-23
Xelaev18040838m.g,10.333767,wilcoxon,2.0652657,4.957473700851065e-25,5.24610513947444e-23
ppdpf.L,10.324276,wilcoxon,1.21981,5.472997147600563e-25,5.772273078581396e-23
snai2.S,10.310924,wilcoxon,3.759705,6.289404936093044e-25,6.611212821989804e-23
hmgn1.S,10.299648,wilcoxon,1.5805877,7.071948894759428e-25,7.409099946718888e-23
frem2.S,10.297693,wilcoxon,4.2794085,7.217105334220849e-25,7.536139626313062e-23
cebpd.S,10.292367,wilcoxon,1.9038522,7.627754586475347e-25,7.938654814669969e-23
atp1b1.L,10.237653,wilcoxon,2.2055185,1.3445867470669198e-24,1.3856713421161868e-22
sri.S,10.227624,wilcoxon,1.6313322,1.4913322520450243e-24,1.5318945461967374e-22
dsg2.L,10.154127,wilcoxon,2.2572498,3.176405630805565e-24,3.231224244111403e-22
egr1.S,10.10438,wilcoxon,2.2137861,5.282889736447516e-24,5.356782245622908e-22
pdia3.L,10.096296,wilcoxon,1.7542655,5.736815854607755e-24,5.798413076123576e-22
Xelaev18045649m.g,10.094748,wilcoxon,1.8241848,5.8280927824626554e-24,5.871850028592967e-22
dsp.S,10.081914,wilcoxon,2.233659,6.6419534560972e-24,6.670509625414816e-22
arpc5.S,10.039995,wilcoxon,2.1258535,1.0167916909947136e-23,1.0114992421299144e-21
unc5b.S,10.004866,wilcoxon,4.19646,1.4508789479211828e-23,1.4387882900218395e-21
lamb1.S,9.955657,wilcoxon,4.1211724,2.382439436703969e-23,2.3551795497322776e-21
gpx8.L,9.942124,wilcoxon,2.5837214,2.729421845859464e-23,2.6897599346618183e-21
vasp.L,9.896127,wilcoxon,2.0108352,4.327112526217657e-23,4.250949953715695e-21
prss35.S,9.895437,wilcoxon,3.8364832,4.357029594129741e-23,4.2670474612074964e-21
mob2.2.S,9.890564,wilcoxon,2.7138274,4.574418340619453e-23,4.4660768536047816e-21
jup.L,9.8713,wilcoxon,2.1187096,5.544135756945976e-23,5.39612102145961e-21
